file,color,style
0001.jpg,Beige,Sportswear
0002.jpg,White,Sportswear
0003.jpg,Red,Sportswear
0004.jpg,Red,Sportswear
0005.jpg,Black,Sportswear
0006.jpg,White,Sportswear
0007.jpg,Brown,Sportswear
0008.jpg,Grey,Sportswear
0009.jpg,Green,Sportswear
0010.jpg,Blue,Sportswear
0011.jpg,Grey,Sportswear
0012.jpg,Grey,Sportswear
0013.jpg,Green,Sportswear
0014.jpg,Green,Sportswear
0015.jpg,Blue,Sportswear
0016.jpg,Brown,Sportswear
0017.jpg,Red,Sportswear
0018.jpg,Brown,Sportswear
0019.jpg,Blue,Sportswear
0020.jpg,Black,Sportswear
0021.jpg,Blue,Sportswear
0022.jpg,Grey,Sportswear
0023.jpg,Blue,Sportswear
0024.jpg,Blue,Sportswear
0025.jpg,Black,Sportswear
0026.jpg,Blue,Sportswear
0027.jpg,White,Sportswear
0028.jpg,Grey,Sportswear
0029.jpg,White,Sportswear
0030.jpg,Grey,Sportswear
0031.jpg,Red,Evening
0032.jpg,Brown,Evening
0033.jpg,Beige,Evening
0034.jpg,Black,Evening
0035.jpg,Red,Evening
0036.jpg,Black,Evening
0037.jpg,Green,Evening
0038.jpg,Black,Evening
0039.jpg,White,Evening
0040.jpg,Blue,Evening
0041.jpg,White,Evening
0042.jpg,Beige,Evening
0043.jpg,Red,Evening
0044.jpg,White,Evening
0045.jpg,Blue,Evening
0046.jpg,Green,Evening
0047.jpg,Beige,Evening
0048.jpg,Red,Evening
0049.jpg,Green,Evening
0050.jpg,Beige,Evening
0051.jpg,Pink,Evening
0052.jpg,Blue,Evening
0053.jpg,Pink,Evening
0054.jpg,Pink,Evening
0055.jpg,Green,Evening
0056.jpg,White,Evening
0057.jpg,Green,Evening
0058.jpg,Blue,Evening
0059.jpg,Pink,Evening
0060.jpg,White,Evening
0061.jpg,Black,Evening
0062.jpg,White,Evening
0063.jpg,Black,Evening
0064.jpg,Green,Evening
0065.jpg,Black,Evening
0066.jpg,Blue,Evening
0067.jpg,Black,Evening
0068.jpg,Beige,Streetwear
0069.jpg,Black,Streetwear
0070.jpg,Red,Streetwear
0071.jpg,Red,Streetwear
0072.jpg,Red,Streetwear
0073.jpg,Green,Streetwear
0074.jpg,Blue,Streetwear
0075.jpg,Red,Streetwear
0076.jpg,Red,Streetwear
0077.jpg,Black,Streetwear
0078.jpg,Beige,Streetwear
0079.jpg,Red,Streetwear
0080.jpg,Green,Streetwear
0081.jpg,Beige,Streetwear
0082.jpg,Pink,Streetwear
0083.jpg,Blue,Streetwear
0084.jpg,Black,Streetwear
0085.jpg,Black,Streetwear
0086.jpg,Red,Streetwear
0087.jpg,Pink,Streetwear
0088.jpg,Beige,Streetwear
0089.jpg,Beige,Streetwear
0090.jpg,Red,Streetwear
0091.jpg,Green,Streetwear
0092.jpg,Blue,Streetwear
0093.jpg,Green,Streetwear
0094.jpg,Red,Streetwear
0095.jpg,Grey,Streetwear
0096.jpg,Grey,Streetwear
0097.jpg,Red,Streetwear
0098.jpg,White,Streetwear
0099.jpg,Beige,Streetwear
0100.jpg,Blue,Streetwear
0101.jpg,Black,Streetwear
0102.jpg,Green,Streetwear
0103.jpg,Blue,Streetwear
0104.jpg,White,Streetwear
0105.jpg,Brown,Streetwear
0106.jpg,Red,Evening
0107.jpg,Green,Evening
0108.jpg,Black,Evening
0109.jpg,Brown,Evening
0110.jpg,Pink,Evening
0111.jpg,Beige,Evening
0112.jpg,Green,Evening
0113.jpg,Beige,Evening
0114.jpg,Red,Evening
0115.jpg,Pink,Evening
0116.jpg,Red,Evening
0117.jpg,Blue,Evening
0118.jpg,Green,Evening
0119.jpg,Black,Evening
0120.jpg,Grey,Evening
0121.jpg,Brown,Evening
0122.jpg,White,Evening
0123.jpg,Blue,Evening
0124.jpg,Green,Evening
0125.jpg,Red,Evening
0126.jpg,Red,Evening
0127.jpg,Grey,Evening
0128.jpg,Green,Evening
0129.jpg,Pink,Evening
0130.jpg,Black,Evening
0131.jpg,Green,Evening
0132.jpg,White,Evening
0133.jpg,Green,Evening
0134.jpg,White,Evening
0135.jpg,Brown,Sportswear
0136.jpg,Red,Sportswear
0137.jpg,Grey,Sportswear
0138.jpg,Pink,Sportswear
0139.jpg,Beige,Sportswear
0140.jpg,Red,Sportswear
0141.jpg,Grey,Sportswear
0142.jpg,Blue,Sportswear
0143.jpg,Blue,Sportswear
0144.jpg,Green,Sportswear
0145.jpg,Blue,Sportswear
0146.jpg,Beige,Sportswear
0147.jpg,Pink,Sportswear
0148.jpg,Red,Sportswear
0149.jpg,Brown,Sportswear
0150.jpg,White,Sportswear
0151.jpg,White,Sportswear
0152.jpg,Blue,Sportswear
0153.jpg,Green,Sportswear
0154.jpg,Red,Sportswear
0155.jpg,Beige,Sportswear
0156.jpg,Blue,Sportswear
0157.jpg,Blue,Sportswear
0158.jpg,Red,Sportswear
0159.jpg,Blue,Sportswear
0160.jpg,Red,Sportswear
0161.jpg,Green,Sportswear
0162.jpg,White,Sportswear
0163.jpg,Grey,Sportswear
0164.jpg,Green,Sportswear
0165.jpg,Red,Streetwear
0166.jpg,Beige,Streetwear
0167.jpg,Green,Streetwear
0168.jpg,Green,Streetwear
0169.jpg,White,Streetwear
0170.jpg,Grey,Streetwear
0171.jpg,Pink,Streetwear
0172.jpg,White,Streetwear
0173.jpg,Green,Streetwear
0174.jpg,Green,Streetwear
0175.jpg,Brown,Streetwear
0176.jpg,Beige,Streetwear
0177.jpg,Blue,Streetwear
0178.jpg,Green,Streetwear
0179.jpg,Grey,Streetwear
0180.jpg,Black,Streetwear
0181.jpg,Blue,Streetwear
0182.jpg,Red,Streetwear
0183.jpg,Blue,Streetwear
0184.jpg,Red,Streetwear
0185.jpg,Blue,Streetwear
0186.jpg,Black,Streetwear
0187.jpg,Grey,Streetwear
0188.jpg,Green,Streetwear
0189.jpg,Brown,Streetwear
0190.jpg,Beige,Streetwear
0191.jpg,Blue,Streetwear
0192.jpg,Brown,Streetwear
0193.jpg,Blue,Streetwear
0194.jpg,White,Streetwear
0195.jpg,Beige,Streetwear
0196.jpg,Black,Streetwear
0197.jpg,Grey,Streetwear
0198.jpg,Beige,Streetwear
0199.jpg,Brown,Streetwear
0200.jpg,Pink,Streetwear
0201.jpg,Pink,Streetwear
0202.jpg,Black,Streetwear
0203.jpg,Red,Streetwear
0204.jpg,Blue,Streetwear
0205.jpg,Black,Streetwear
0206.jpg,Red,Streetwear
0207.jpg,Pink,Streetwear
0208.jpg,Red,Streetwear
0209.jpg,Grey,Streetwear
0210.jpg,Black,Streetwear
