file,color,style;;;;
0001.jpg,Beige,Sportswear;;;;
0002.jpg,White,Sportswear;;;;
0003.jpg,Red,Sportswear;;;;
0004.jpg,Red,Sportswear;;;;
0005.jpg,Black,Sportswear;;;;
0006.jpg,White,Sportswear;;;;
0007.jpg,Brown,Sportswear;;;;
0008.jpg,Grey,Sportswear;;;;
0009.jpg,Green,Sportswear;;;;
0010.jpg,Blue,Sportswear;;;;
0011.jpg,Grey,Sportswear;;;;
0012.jpg,Grey,Sportswear;;;;
0013.jpg,Green,Sportswear;;;;
0014.jpg,Green,Sportswear;;;;
0015.jpg,Blue,Sportswear;;;;
0016.jpg,Brown,Sportswear;;;;
0017.jpg,Red,Sportswear;;;;
0018.jpg,Brown,Sportswear;;;;
0019.jpg,Blue,Sportswear;;;;
0020.jpg,Black,Sportswear;;;;
0021.jpg,Blue,Sportswear;;;;
0022.jpg,Grey,Sportswear;;;;
0023.jpg,Blue,Sportswear;;;;
0024.jpg,Blue,Sportswear;;;;
0025.jpg,Black,Sportswear;;;;
0026.jpg,Blue,Sportswear;;;;
0027.jpg,White,Sportswear;;;;
0028.jpg,Grey,Sportswear;;;;
0029.jpg,White,Sportswear;;;;
0030.jpg,Grey,Sportswear;;;;
